level,ts_id
Institutions,4
Institutions,11
Institutions,26
Institutions,38
Institutions,53
Institutions,61
Institutions,69
Institutions,77
Institutions,89
Institutions,92
Institutions,103
Institutions,107
Institutions,123
Institutions,127
Institutions,141
Institutions,154
Institutions,164
Institutions,186
Institutions,195
Institutions,200
Institutions,202
Institutions,211
Institutions,231
Institutions,254
Institutions,259
Subnets,33
Subnets,44
Subnets,50
Subnets,51
Subnets,58
Subnets,59
Subnets,67
Subnets,80
Subnets,86
Subnets,117
Subnets,142
Subnets,154
Subnets,189
Subnets,248
Subnets,250
Subnets,262
Subnets,310
Subnets,316
Subnets,319
Subnets,326
Subnets,341
Subnets,403
Subnets,408
Subnets,425
Subnets,517
IPs,120
IPs,122
IPs,1367
IPs,1368
IPs,1580
IPs,1605
IPs,1774
IPs,3271
IPs,10256
IPs,10396
IPs,11254
IPs,41990
IPs,44252
IPs,75195
IPs,78471
IPs,109544
IPs,121596
IPs,171452
IPs,195100
IPs,242764
IPs,259860
IPs,565727
IPs,605036
IPs,617662
IPs,745827
